{
    "model_name": "Random Forest (Tuned)",
    "test_accuracy": 0.8930161042324188,
    "f1_score": 0.36927480916030536,
    "precision": 0.5497159090909091,
    "recall": 0.27801724137931033,
    "auc_score": 0.7785098288179212,
    "training_date": "2026-01-28 21:11:12"
}